res1,res2,chain1,chain2,seq1,seq2,distance,pair,score
C,A,B,B,154,34,15.288071,AC,0.008565449384901298
A,A,B,B,33,163,13.258285,AA,0.12234430832968818
A,U,A,A,60,70,5.940011,AU,-0.05619560689396328
A,C,A,A,90,103,16.030226,AC,-0.06669330138015746
U,U,B,B,153,161,12.884486,UU,-0.056132699285083354
G,U,A,A,22,40,15.372245,GU,0.0
A,U,B,B,140,32,19.836506,AU,0.026483
C,A,B,B,112,130,16.60282,AC,-0.0481813474159241
A,A,B,B,130,163,15.945941,AA,-0.005460409949832489
G,U,A,A,25,70,16.845339,GU,0.0
U,A,B,B,153,33,15.109282,AU,-0.10375353205108655
G,G,A,A,22,80,15.088553,GG,0.021892219093322784
A,A,B,B,140,151,5.7242603,AA,-0.10608992665566339
A,A,B,B,140,163,16.948204,AA,-0.008708581085205091
A,G,B,B,33,164,8.91888,AG,-0.06285804097747803
U,G,B,B,153,162,12.187113,GU,0.0
G,C,A,A,22,30,10.751045,CG,0.16446841094970707
G,U,B,B,113,161,16.027988,GU,0.0
A,A,B,B,130,140,5.4801,AA,-0.1315837757175234
A,G,B,B,130,164,14.67884,AG,0.0702997069984013
G,G,A,A,80,101,9.766936,GG,0.078051336613973
G,A,A,A,23,60,18.302048,AG,0.008928735012478303
U,U,B,B,153,32,13.271394,UU,-0.057731586987177536
C,A,B,B,152,163,15.331447,AC,0.00346380889659461
G,U,A,A,22,70,14.228865,GU,0.0
G,G,B,B,113,120,15.069661,GG,0.022811895683288605
U,G,A,A,40,80,17.288054,GU,0.0
G,G,A,A,23,101,19.871977,GG,-0.014171
C,G,B,B,152,31,14.339042,CG,-0.30393486857795726
C,A,B,B,152,11,19.800915,AC,-0.010701
C,A,B,B,170,11,5.5866566,AC,0.0778933196072048
U,A,A,A,70,90,11.759328,AU,-0.012093691197713058
U,G,B,B,32,162,18.545807,GU,0.0
G,G,B,B,113,162,17.40178,GG,0.003663694030761725
A,A,B,B,130,34,16.198187,AA,-0.006609581362406414
G,U,B,B,120,161,16.137827,GU,0.0
G,A,A,A,80,90,6.936831,AG,0.04500897557163236
A,C,B,B,163,170,16.941603,AC,-0.038287717119852724
C,G,B,B,152,164,16.544191,CG,0.043471249495188394
C,A,A,A,30,60,10.524486,AC,-0.020679282413694655
U,U,A,A,40,70,11.8716135,UU,0.05445132939974455
G,A,B,B,120,33,19.611753,AG,0.015493
A,U,B,B,151,161,16.105652,AU,0.050634876803927954
G,A,A,A,23,90,16.666874,AG,-0.014549522638956727
C,C,B,B,152,170,15.513261,CC,0.053144852418899526
U,G,A,A,70,80,5.673294,GU,0.0
C,A,B,B,111,163,14.1496935,AC,0.18777929896969262
G,C,B,B,120,152,17.181974,CG,0.04039427616755169
G,G,B,B,120,162,14.4372015,GG,0.1330956568470002
A,A,B,B,151,33,16.92687,AA,-0.008918741679721422
U,G,A,A,24,80,13.509635,GU,0.0
C,A,B,B,152,34,18.613028,AC,0.00331587839126591
G,C,B,B,114,170,19.288654,CG,0.05533078174506294
C,G,A,A,30,50,9.986323,CG,0.19771562648667232
G,G,B,B,31,164,11.911922,GG,-0.08966974850209551
A,G,B,B,151,162,15.921292,AG,-0.029198383040534157
U,C,A,A,24,30,19.763643,CU,0.0
C,U,B,B,154,161,14.431921,CU,0.0
C,A,B,B,111,140,15.907833,AC,-0.06432756340789803
A,G,B,B,34,164,5.2804255,AG,-0.5065621301342648
C,G,B,B,111,164,15.284449,CG,-0.019402687708960673
G,A,B,B,120,151,14.47072,AG,0.1009443625534906
U,U,A,A,21,40,10.972713,UU,-0.0003547587331136359
G,A,B,B,120,163,13.594157,AG,-0.00931917036586341
A,U,B,B,151,32,17.972603,AU,0.048599222251044384
U,U,A,A,24,70,16.235622,UU,0.01881889713541666
C,A,B,B,154,33,12.476487,AC,0.10296339882935418
C,U,A,A,30,40,5.715397,CU,0.0
C,U,B,B,112,161,15.628594,CU,0.0
G,U,A,A,25,21,18.766441,GU,0.0
A,G,A,A,90,102,10.784015,AG,-0.01976256058735317
G,G,A,A,25,102,19.48557,GG,-0.01434775047683716
U,G,A,A,21,80,17.14191,GU,0.0
C,G,B,B,112,120,10.563855,CG,0.18594535002390553
C,G,B,B,154,162,11.922671,CG,-0.008941035823822122
G,A,A,A,25,60,19.452812,AG,0.014995398437499998
C,A,B,B,111,130,11.58523,AC,0.020626730524698968
C,A,B,B,111,34,19.028883,AC,-0.001969394826253264
U,C,A,A,21,30,5.558224,CU,0.0
A,G,B,B,140,164,16.103651,AG,-0.027219534341600196
C,U,B,B,154,32,9.819926,CU,0.0
C,G,B,B,112,162,15.212684,CG,-0.0259313043227726
A,G,A,A,90,101,4.929636,AG,2.034426678498588
G,G,A,A,25,101,18.007595,GG,-0.005450019767761238
G,A,B,B,162,11,16.822517,AG,-0.011048236467149551
U,A,B,B,153,163,13.784213,AU,-0.1051093833077748
U,U,A,A,21,70,14.301213,UU,0.15560240844535836
A,C,B,B,140,154,18.600155,AC,0.0029457311715020452
U,C,B,B,161,12,16.5753,CU,0.0
G,G,A,A,50,80,14.962631,GG,0.03935607473754893
C,A,B,B,154,163,11.982939,AC,0.06514361259460455
A,A,A,A,60,90,17.693327,AA,-0.0013682925118340388
U,G,B,B,153,31,10.2600975,GU,0.0
U,A,B,B,153,11,18.960476,AU,0.05078514759063718
G,A,A,A,22,60,15.521528,AG,-0.008622082639906142
A,A,B,B,140,34,17.370905,AA,-0.0045445077302720864
A,U,B,B,130,153,18.71616,AU,0.06085667166392003
A,U,B,B,130,161,18.716074,AU,0.060860209891001334
G,C,B,B,162,170,11.331764,CG,0.0978405850219726
U,G,B,B,153,164,15.618924,GU,0.0
A,U,B,B,140,153,15.339371,AU,-0.061565912536621144
U,A,B,B,32,163,15.496907,AU,-0.0326810689201355
G,A,B,B,113,163,19.81112,AG,0.015493
G,U,A,A,50,70,9.316262,GU,0.0
A,G,B,B,33,162,17.431738,AG,7.683284547592949e-05
A,A,B,B,130,33,17.72041,AA,-0.0011015003543429908
G,U,A,A,23,40,19.931498,GU,0.0
U,C,B,B,153,170,14.507621,CU,0.0
G,G,A,A,22,50,17.60939,GG,0.0009052347615559914
U,A,A,A,40,60,7.4443207,AU,-0.1334141083170573
A,C,B,B,130,152,14.755221,AC,0.08610485942268381
A,G,B,B,130,162,17.08009,AG,-0.006274326727125399
G,C,A,A,80,103,17.510115,CG,0.036168923435211185
G,G,A,A,23,80,14.368735,GG,0.14531040489048436
C,U,B,B,152,161,13.676112,CU,0.0
G,A,A,A,22,90,18.576233,AG,0.010470265028211814
U,G,B,B,32,164,12.839616,GU,0.0
G,C,A,A,23,30,15.94336,CG,0.04053997434467746
C,A,B,B,152,33,16.340065,AC,-0.05667619847106934
C,C,B,B,170,13,16.056072,CC,0.005343678571912935
G,U,B,B,114,161,17.716358,GU,0.0
U,G,A,A,70,102,18.909399,GU,0.0
G,C,B,B,113,170,19.25898,CG,0.05550777383083767
U,G,A,A,40,50,5.1182837,GU,0.0
A,A,B,B,130,151,10.731525,AA,-0.07067435637071404
G,G,A,A,80,102,13.764267,GG,0.07751380857001404
A,A,B,B,151,163,16.747974,AA,-0.009196026212904183
G,U,A,A,23,70,15.602249,GU,0.0
G,G,B,B,114,120,18.366947,GG,-0.011709534275478805
C,G,B,B,152,162,13.723766,CG,-0.17940163298119427
C,G,A,A,30,80,17.609755,CG,0.034885893751780195
G,U,B,B,31,161,18.524311,GU,0.0
G,A,B,B,120,140,10.5941925,AG,-0.01588154031372069
G,G,B,B,120,164,13.678601,GG,0.05379059585634863
A,G,B,B,151,31,17.487299,AG,0.0010803274260626824
U,A,A,A,24,60,19.46896,AU,0.02982374683380129
C,U,B,B,152,32,15.956915,CU,0.0
C,C,B,B,170,12,11.020841,CC,0.061939157747904455
U,G,A,A,70,101,15.070836,GU,0.0
C,U,B,B,111,161,16.313541,CU,0.0
A,G,B,B,151,164,16.937004,AG,-0.008858609475029863
U,G,A,A,24,101,17.502422,GU,0.0
C,U,A,A,30,70,13.219294,CU,0.0
C,G,B,B,111,120,5.4526553,CG,0.20729425502490983
G,G,B,B,31,162,14.751012,GG,0.07711014728185875
G,A,B,B,120,130,6.1561217,AG,-0.2236669138218561
G,A,B,B,120,34,16.69866,AG,-0.013834479698181176
A,C,B,B,151,170,18.660378,AC,0.004205119181315081
C,G,B,B,154,31,5.4053135,CG,0.16633037452146723
C,A,B,B,112,163,16.097021,AC,-0.0645338077430725
G,A,A,A,25,90,17.267275,AG,-0.0028935524516635613
A,G,B,B,34,162,16.144955,AG,-0.026290386133829745
C,G,B,B,111,162,14.712511,CG,-0.16567277950668355
U,A,A,A,21,60,13.590872,AU,-0.05433904381349348
A,A,B,B,151,34,18.538166,AA,-0.025046105918884315
A,U,B,B,140,161,18.15721,AU,0.05268292430241904
U,A,B,B,161,11,11.595797,AU,-0.053543425567626785
U,A,A,A,24,90,15.614899,AU,-0.011046943725585914
C,G,B,B,154,164,13.415291,CG,-0.03862404261101613
A,G,A,A,60,80,11.317833,AG,-0.030676771170722122
G,A,B,B,31,163,12.607499,AG,-0.04846165084944834
A,A,B,B,140,33,17.129238,AA,-0.00692519416809083
C,C,B,B,154,170,16.938852,CC,-0.0747595425525241
C,G,B,B,112,164,18.781107,CG,0.058358019887288407
G,G,A,A,25,80,14.078344,GG,0.16449055872133034
C,A,B,B,111,151,19.199556,AC,-0.0048291219651964
A,A,B,B,34,163,10.931308,AA,-0.03680014537726509
U,A,B,B,153,34,17.841486,AU,0.04569877146614923
U,G,A,A,21,50,14.363285,GU,0.0
A,C,B,B,140,152,10.519464,AC,-0.02111512372186454
A,G,B,B,140,162,17.226788,AG,-0.0036247978846232253
U,C,B,B,161,170,6.179292,CU,0.0
G,A,A,A,50,60,5.3912463,AG,-0.4710835993394853
